date_time,device_Status,DO_config
2025-05-22 10:06:48,Connected,[]
2025-05-22 10:06:48,Connected,[]
2025-05-22 10:06:48,Connected,[]
2025-05-22 10:06:48,Connected,[]
2025-05-22 10:06:48,Connected,[]
2025-05-22 10:06:48,Connected,[]
2025-05-22 10:06:49,Connected,[]
2025-05-22 10:06:49,Connected,[]
2025-05-22 10:06:49,Connected,[]
2025-05-22 10:06:49,Connected,[]
2025-05-22 10:06:49,Connected,[]
2025-05-22 10:06:49,Connected,"[0, 0, 0, 0]"
2025-05-22 10:06:49,Connected,"[0, 0, 0, 0]"
2025-05-22 10:06:49,Connected,"[0, 0, 0, 0]"
2025-05-22 10:06:49,Connected,"[0, 0, 0, 0]"
2025-05-22 10:06:49,Connected,"[0, 0, 0, 0]"
2025-05-22 10:06:49,Connected,"[0, 0, 0, 0]"
2025-05-22 10:06:49,Connected,"[0, 0, 0, 0]"
2025-05-22 10:06:49,Connected,"[0, 0, 0, 0]"
2025-05-22 10:06:49,Connected,"[0, 0, 0, 0]"
2025-05-22 10:06:49,Connected,"[0, 0, 0, 0]"
2025-05-22 10:06:49,Connected,"[0, 0, 0, 0]"
2025-05-22 10:06:49,Connected,"[0, 0, 0, 0]"
2025-05-22 10:06:49,Connected,"[0, 0, 0, 0]"
2025-05-22 10:06:49,Connected,"[0, 0, 0, 0]"
2025-05-22 10:06:49,Connected,"[0, 0, 0, 0]"
2025-05-22 10:06:50,Connected,"[0, 0, 0, 0]"
2025-05-22 10:06:50,Connected,"[0, 0, 0, 0]"
2025-05-22 10:06:50,Connected,"[0, 0, 0, 0]"
2025-05-22 10:06:50,Connected,"[0, 0, 0, 0]"
2025-05-22 10:06:50,Connected,"[0, 0, 0, 0]"
2025-05-22 10:06:50,Connected,"[0, 0, 0, 0]"
2025-05-22 10:06:50,Connected,"[0, 0, 0, 0]"
2025-05-22 10:06:50,Connected,"[0, 0, 0, 0]"
2025-05-22 10:06:50,Connected,"[0, 0, 0, 0]"
2025-05-22 10:06:50,Connected,"[0, 0, 0, 0]"
2025-05-22 10:06:50,Connected,"[0, 0, 0, 0]"
2025-05-22 10:06:50,Connected,"[0, 0, 0, 0]"
2025-05-22 10:06:50,Connected,"[0, 0, 0, 0]"
2025-05-22 10:06:50,Connected,"[0, 0, 0, 0]"
2025-05-22 10:06:50,Connected,"[0, 0, 0, 0]"
2025-05-22 10:06:50,Connected,"[0, 0, 0, 0]"
2025-05-22 10:06:50,Connected,"[0, 0, 0, 0]"
2025-05-22 10:06:50,Connected,"[0, 0, 0, 0]"
2025-05-22 10:06:50,Connected,"[0, 0, 0, 0]"
2025-05-22 10:06:50,Connected,"[0, 0, 0, 0]"
2025-05-22 10:06:51,Connected,"[0, 0, 0, 0]"
2025-05-22 10:06:51,Connected,"[0, 0, 0, 0]"
2025-05-22 10:06:51,Connected,"[0, 0, 0, 0]"
2025-05-22 10:06:51,Connected,"[0, 0, 0, 0]"
2025-05-22 10:06:51,Connected,"[0, 0, 0, 0]"
2025-05-22 10:06:51,Connected,"[0, 0, 0, 0]"
2025-05-22 10:06:51,Connected,"[0, 0, 0, 0]"
2025-05-22 10:06:51,Connected,"[0, 0, 0, 0]"
2025-05-22 10:06:51,Connected,"[0, 0, 0, 0]"
2025-05-22 10:06:51,Connected,"[0, 0, 0, 0]"
2025-05-22 10:06:51,Connected,"[0, 0, 0, 0]"
2025-05-22 10:06:51,Connected,"[0, 0, 0, 0]"
2025-05-22 10:06:51,Connected,"[0, 0, 0, 0]"
2025-05-22 10:06:51,Connected,"[0, 0, 0, 0]"
2025-05-22 10:06:51,Connected,"[0, 0, 0, 0]"
2025-05-22 10:06:51,Connected,"[0, 0, 0, 0]"
2025-05-22 10:06:51,Connected,"[0, 0, 0, 0]"
2025-05-22 10:06:51,Connected,"[0, 0, 0, 0]"
2025-05-22 10:06:51,Connected,"[0, 0, 0, 0]"
2025-05-22 10:06:51,Connected,"[0, 0, 0, 0]"
2025-05-22 10:06:52,Connected,"[0, 0, 0, 0]"
2025-05-22 10:06:52,Connected,"[0, 0, 0, 0]"
2025-05-22 10:06:52,Connected,"[0, 0, 0, 0]"
2025-05-22 10:06:52,Connected,"[0, 0, 0, 0]"
2025-05-22 10:06:52,Connected,"[0, 0, 0, 0]"
2025-05-22 10:06:52,Connected,"[0, 0, 0, 0]"
2025-05-22 10:06:52,Connected,"[0, 0, 0, 0]"
2025-05-22 10:06:52,Connected,"[0, 0, 0, 0]"
2025-05-22 10:06:52,Connected,"[0, 0, 0, 0]"
2025-05-22 10:06:52,Connected,"[0, 0, 0, 0]"
2025-05-22 10:06:52,Connected,"[0, 0, 0, 0]"
2025-05-22 10:06:52,Connected,"[0, 0, 0, 0]"
2025-05-22 10:06:52,Connected,"[0, 0, 0, 0]"
2025-05-22 10:06:52,Connected,"[0, 0, 0, 0]"
2025-05-22 10:06:52,Connected,"[0, 0, 0, 0]"
2025-05-22 10:06:52,Connected,"[0, 0, 0, 0]"
2025-05-22 10:06:52,Connected,"[0, 0, 0, 0]"
2025-05-22 10:06:52,Connected,"[0, 0, 0, 0]"
2025-05-22 10:06:52,Connected,"[0, 0, 0, 0]"
2025-05-22 10:06:52,Connected,"[0, 0, 0, 0]"
2025-05-22 10:06:53,Connected,"[0, 0, 0, 0]"
2025-05-22 10:06:53,Connected,"[0, 0, 0, 0]"
2025-05-22 10:06:53,Connected,"[0, 0, 0, 0]"
2025-05-22 10:06:53,Connected,"[0, 0, 0, 0]"
2025-05-22 10:06:53,Connected,"[0, 0, 0, 0]"
2025-05-22 10:06:53,Connected,"[0, 0, 0, 0]"
2025-05-22 10:06:53,Connected,"[0, 0, 0, 0]"
2025-05-22 10:06:53,Connected,"[0, 0, 0, 0]"
2025-05-22 10:06:53,Connected,"[0, 0, 0, 0]"
2025-05-22 10:06:53,Connected,"[0, 0, 0, 0]"
2025-05-22 10:06:53,Connected,"[0, 0, 0, 0]"
2025-05-22 10:06:53,Connected,"[0, 0, 0, 0]"
2025-05-22 10:06:53,Connected,"[0, 0, 0, 0]"
2025-05-22 10:06:53,Connected,"[0, 0, 0, 0]"
2025-05-22 10:06:53,Connected,"[0, 0, 0, 0]"
2025-05-22 10:06:53,Connected,"[0, 0, 0, 0]"
2025-05-22 10:06:53,Connected,"[0, 0, 0, 0]"
2025-05-22 10:06:53,Connected,"[0, 0, 0, 0]"
2025-05-22 10:06:53,Connected,"[0, 0, 0, 0]"
2025-05-22 10:06:53,Connected,"[0, 0, 0, 0]"
2025-05-22 10:06:54,Connected,"[0, 0, 0, 0]"
2025-05-22 10:06:54,Connected,"[0, 0, 0, 0]"
2025-05-22 10:06:54,Connected,"[0, 0, 0, 0]"
2025-05-22 10:06:54,Connected,"[0, 0, 0, 0]"
2025-05-22 10:06:54,Connected,"[0, 0, 0, 0]"
2025-05-22 10:06:54,Connected,"[0, 0, 0, 0]"
2025-05-22 10:06:54,Connected,"[0, 0, 0, 0]"
2025-05-22 10:06:54,Connected,"[0, 0, 0, 0]"
2025-05-22 10:06:54,Connected,"[0, 0, 0, 0]"
2025-05-22 10:06:54,Connected,"[0, 0, 0, 0]"
2025-05-22 10:06:54,Connected,"[0, 0, 0, 0]"
2025-05-22 10:06:54,Connected,"[0, 0, 0, 0]"
2025-05-22 10:06:54,Connected,"[0, 0, 0, 0]"
2025-05-22 10:06:54,Connected,"[0, 0, 0, 0]"
2025-05-22 10:06:54,Connected,"[0, 0, 0, 0]"
2025-05-22 10:06:54,Connected,"[0, 0, 0, 0]"
2025-05-22 10:06:54,Connected,"[0, 0, 0, 0]"
2025-05-22 10:06:54,Connected,"[0, 0, 0, 0]"
2025-05-22 10:06:54,Connected,"[0, 0, 0, 0]"
2025-05-22 10:06:54,Connected,"[0, 0, 0, 0]"
2025-05-22 10:06:55,Connected,"[0, 0, 0, 0]"
2025-05-22 10:06:55,Connected,"[0, 0, 0, 0]"
2025-05-22 10:06:55,Connected,"[0, 0, 0, 0]"
2025-05-22 10:06:55,Connected,"[0, 0, 0, 0]"
2025-05-22 10:06:55,Connected,"[0, 0, 0, 0]"
2025-05-22 10:06:55,Connected,"[0, 0, 0, 0]"
2025-05-22 10:06:55,Connected,"[0, 0, 0, 0]"
2025-05-22 10:06:55,Connected,"[0, 0, 0, 0]"
2025-05-22 10:06:55,Connected,"[0, 0, 0, 0]"
2025-05-22 10:06:55,Connected,"[0, 0, 0, 0]"
2025-05-22 10:06:55,Connected,"[0, 0, 0, 0]"
2025-05-22 10:06:55,Connected,"[0, 0, 0, 0]"
2025-05-22 10:06:55,Connected,"[0, 0, 0, 0]"
2025-05-22 10:06:55,Connected,"[0, 0, 0, 0]"
2025-05-22 10:06:55,Connected,"[0, 0, 0, 0]"
2025-05-22 10:06:55,Connected,"[0, 0, 0, 0]"
2025-05-22 10:06:55,Connected,"[0, 0, 0, 0]"
2025-05-22 10:06:55,Connected,"[0, 0, 0, 0]"
2025-05-22 10:06:55,Connected,"[0, 0, 0, 0]"
2025-05-22 10:06:55,Connected,"[0, 0, 0, 0]"
2025-05-22 10:06:56,Connected,"[0, 0, 0, 0]"
2025-05-22 10:06:56,Connected,"[0, 0, 0, 0]"
2025-05-22 10:06:56,Connected,"[0, 0, 0, 0]"
2025-05-22 10:06:56,Connected,"[0, 0, 0, 0]"
2025-05-22 10:06:56,Connected,"[0, 0, 0, 0]"
2025-05-22 10:06:56,Connected,"[0, 0, 0, 0]"
2025-05-22 10:06:56,Connected,"[0, 0, 0, 0]"
2025-05-22 10:06:56,Connected,"[0, 0, 0, 0]"
2025-05-22 10:06:56,Connected,"[0, 0, 0, 0]"
2025-05-22 10:06:56,Connected,"[0, 0, 0, 0]"
2025-05-22 10:06:56,Connected,"[0, 0, 0, 0]"
2025-05-22 10:06:56,Connected,"[0, 0, 0, 0]"
2025-05-22 10:06:56,Connected,"[0, 0, 0, 0]"
2025-05-22 10:06:56,Connected,"[0, 0, 0, 0]"
2025-05-22 10:06:56,Connected,"[0, 0, 0, 0]"
2025-05-22 10:06:56,Connected,"[0, 0, 0, 0]"
2025-05-22 10:06:56,Connected,"[0, 0, 0, 0]"
2025-05-22 10:06:56,Connected,"[0, 0, 0, 0]"
2025-05-22 10:06:56,Connected,"[0, 0, 0, 0]"
2025-05-22 10:06:56,Connected,"[0, 0, 0, 0]"
2025-05-22 10:06:57,Connected,"[0, 0, 0, 0]"
2025-05-22 10:06:57,Connected,"[0, 0, 0, 0]"
2025-05-22 10:06:57,Connected,"[0, 0, 0, 0]"
2025-05-22 10:06:57,Connected,"[0, 0, 0, 0]"
2025-05-22 10:06:57,Connected,"[0, 0, 0, 0]"
2025-05-22 10:06:57,Connected,"[0, 0, 0, 0]"
2025-05-22 10:06:57,Connected,"[0, 0, 0, 0]"
2025-05-22 10:06:57,Connected,"[0, 0, 0, 0]"
2025-05-22 10:06:57,Connected,"[0, 0, 0, 0]"
2025-05-22 10:06:57,Connected,"[0, 0, 0, 0]"
2025-05-22 10:06:57,Connected,"[0, 0, 0, 0]"
2025-05-22 10:06:57,Connected,"[0, 0, 0, 0]"
2025-05-22 10:06:57,Connected,"[0, 0, 0, 0]"
2025-05-22 10:06:57,Connected,"[0, 0, 0, 0]"
2025-05-22 10:06:57,Connected,"[0, 0, 0, 0]"
2025-05-22 10:06:57,Connected,"[0, 0, 0, 0]"
2025-05-22 10:06:57,Connected,"[0, 0, 0, 0]"
2025-05-22 10:06:57,Connected,"[0, 0, 0, 0]"
2025-05-22 10:06:57,Connected,"[0, 0, 0, 0]"
2025-05-22 10:06:57,Connected,"[0, 0, 0, 0]"
2025-05-22 10:06:58,Connected,"[0, 0, 0, 0]"
2025-05-22 10:06:58,Connected,"[0, 0, 0, 0]"
2025-05-22 10:06:58,Connected,"[0, 0, 0, 0]"
2025-05-22 10:06:58,Connected,"[0, 0, 0, 0]"
2025-05-22 10:06:58,Connected,"[0, 0, 0, 0]"
2025-05-22 10:06:58,Connected,"[0, 0, 0, 0]"
2025-05-22 10:06:58,Connected,"[0, 0, 0, 0]"
2025-05-22 10:06:58,Connected,"[0, 0, 0, 0]"
2025-05-22 10:06:58,Connected,"[0, 0, 0, 0]"
2025-05-22 10:06:58,Connected,"[0, 0, 0, 0]"
2025-05-22 10:06:58,Connected,"[0, 0, 0, 0]"
2025-05-22 10:06:58,Connected,"[0, 0, 0, 0]"
2025-05-22 10:06:58,Connected,"[0, 0, 0, 0]"
2025-05-22 10:06:58,Connected,"[0, 0, 0, 0]"
2025-05-22 10:06:58,Connected,"[0, 0, 0, 0]"
2025-05-22 10:06:58,Connected,"[0, 0, 0, 0]"
2025-05-22 10:06:58,Connected,"[0, 0, 0, 0]"
2025-05-22 10:06:58,Connected,"[0, 0, 0, 0]"
2025-05-22 10:06:58,Connected,"[0, 0, 0, 0]"
2025-05-22 10:06:58,Connected,"[0, 0, 0, 0]"
2025-05-22 10:06:59,Connected,"[0, 0, 0, 0]"
2025-05-22 10:06:59,Connected,"[0, 0, 0, 0]"
2025-05-22 10:06:59,Connected,"[0, 0, 0, 0]"
2025-05-22 10:06:59,Connected,"[0, 0, 0, 0]"
2025-05-22 10:06:59,Connected,"[0, 0, 0, 0]"
2025-05-22 10:06:59,Connected,"[0, 0, 0, 0]"
2025-05-22 10:06:59,Connected,"[0, 0, 0, 0]"
2025-05-22 10:06:59,Connected,"[0, 0, 0, 0]"
2025-05-22 10:06:59,Connected,"[0, 0, 0, 0]"
2025-05-22 10:06:59,Connected,"[0, 0, 0, 0]"
2025-05-22 10:06:59,Connected,"[0, 0, 0, 0]"
2025-05-22 10:06:59,Connected,"[0, 0, 0, 0]"
2025-05-22 10:06:59,Connected,"[0, 0, 0, 0]"
2025-05-22 10:06:59,Connected,"[0, 0, 0, 0]"
2025-05-22 10:06:59,Connected,"[0, 0, 0, 0]"
2025-05-22 10:06:59,Connected,"[0, 0, 0, 0]"
2025-05-22 10:06:59,Connected,"[0, 0, 0, 0]"
2025-05-22 10:06:59,Connected,"[0, 0, 0, 0]"
2025-05-22 10:06:59,Connected,"[0, 0, 0, 0]"
2025-05-22 10:06:59,Connected,"[0, 0, 0, 0]"
2025-05-22 10:07:00,Connected,"[0, 0, 0, 0]"
2025-05-22 10:07:00,Connected,"[0, 0, 0, 0]"
2025-05-22 10:07:00,Connected,"[0, 0, 0, 0]"
2025-05-22 10:07:00,Connected,"[0, 0, 0, 0]"
2025-05-22 10:07:00,Connected,"[0, 0, 0, 0]"
2025-05-22 10:07:00,Connected,"[0, 0, 0, 0]"
2025-05-22 10:07:00,Connected,"[0, 0, 0, 0]"
2025-05-22 10:07:00,Connected,"[0, 0, 0, 0]"
2025-05-22 10:07:00,Connected,"[0, 0, 0, 0]"
2025-05-22 10:07:00,Connected,"[0, 0, 0, 0]"
2025-05-22 10:07:00,Connected,"[0, 0, 0, 0]"
2025-05-22 10:07:00,Connected,"[0, 0, 0, 0]"
2025-05-22 10:07:00,Connected,"[0, 0, 0, 0]"
2025-05-22 10:07:00,Connected,"[0, 0, 0, 0]"
2025-05-22 10:07:00,Connected,"[0, 0, 0, 0]"
2025-05-22 10:07:00,Connected,"[0, 0, 0, 0]"
2025-05-22 10:07:00,Connected,"[0, 0, 0, 0]"
2025-05-22 10:07:00,Connected,"[0, 0, 0, 0]"
2025-05-22 10:07:00,Connected,"[0, 0, 0, 0]"
2025-05-22 10:07:00,Connected,"[0, 0, 0, 0]"
2025-05-22 10:07:01,Connected,"[0, 0, 0, 0]"
2025-05-22 10:07:01,Connected,"[0, 0, 0, 0]"
2025-05-22 10:07:01,Connected,"[0, 0, 0, 0]"
2025-05-22 10:07:01,Connected,"[0, 0, 0, 0]"
2025-05-22 10:07:01,Connected,"[0, 0, 0, 0]"
2025-05-22 10:07:01,Connected,"[0, 0, 0, 0]"
2025-05-22 10:07:01,Connected,"[0, 0, 0, 0]"
2025-05-22 10:07:01,Connected,"[0, 0, 0, 0]"
2025-05-22 10:07:01,Connected,"[0, 0, 0, 0]"
2025-05-22 10:07:01,Connected,"[0, 0, 0, 0]"
2025-05-22 10:07:01,Connected,"[0, 0, 0, 0]"
2025-05-22 10:07:01,Connected,"[0, 0, 0, 0]"
2025-05-22 10:07:01,Connected,"[0, 0, 0, 0]"
2025-05-22 10:07:01,Connected,"[0, 0, 0, 0]"
2025-05-22 10:07:01,Connected,"[0, 0, 0, 0]"
2025-05-22 10:07:01,Connected,"[0, 0, 0, 0]"
2025-05-22 10:07:01,Connected,"[0, 0, 0, 0]"
2025-05-22 10:07:01,Connected,"[0, 0, 0, 0]"
2025-05-22 10:07:01,Connected,"[0, 0, 0, 0]"
2025-05-22 10:07:01,Connected,"[0, 0, 0, 0]"
2025-05-22 10:07:02,Connected,"[0, 0, 0, 0]"
2025-05-22 10:07:02,Connected,"[0, 0, 0, 0]"
2025-05-22 10:07:02,Connected,"[0, 0, 0, 0]"
2025-05-22 10:07:02,Connected,"[0, 0, 0, 0]"
2025-05-22 10:07:02,Connected,"[0, 0, 0, 0]"
2025-05-22 10:07:02,Connected,"[0, 0, 0, 0]"
2025-05-22 10:07:02,Connected,"[0, 0, 0, 0]"
2025-05-22 10:07:02,Connected,"[0, 0, 0, 0]"
2025-05-22 10:07:02,Connected,"[0, 0, 0, 0]"
2025-05-22 10:07:02,Connected,"[0, 0, 0, 0]"
2025-05-22 10:07:02,Connected,"[0, 0, 0, 0]"
2025-05-22 10:07:02,Connected,"[0, 0, 0, 0]"
2025-05-22 10:07:02,Connected,"[0, 0, 0, 0]"
2025-05-22 10:07:02,Connected,"[0, 0, 0, 0]"
2025-05-22 10:07:02,Connected,"[0, 0, 0, 0]"
2025-05-22 10:07:02,Connected,"[0, 0, 0, 0]"
2025-05-22 10:07:02,Connected,"[0, 0, 0, 0]"
2025-05-22 10:07:02,Connected,"[0, 0, 0, 0]"
2025-05-22 10:07:02,Connected,"[0, 0, 0, 0]"
2025-05-22 10:07:02,Connected,"[0, 0, 0, 0]"
2025-05-22 10:07:03,Connected,"[0, 0, 0, 0]"
2025-05-22 10:07:03,Connected,"[0, 0, 0, 0]"
2025-05-22 10:07:03,Connected,"[0, 0, 0, 0]"
2025-05-22 10:07:03,Connected,"[0, 0, 0, 0]"
2025-05-22 10:07:03,Connected,"[0, 0, 0, 0]"
2025-05-22 10:07:03,Connected,"[0, 0, 0, 0]"
2025-05-22 10:07:03,Connected,"[0, 0, 0, 0]"
2025-05-22 10:07:03,Connected,"[0, 0, 0, 0]"
2025-05-22 10:07:03,Connected,"[0, 0, 0, 0]"
2025-05-22 10:07:03,Connected,"[0, 0, 0, 0]"
2025-05-22 10:07:03,Connected,"[0, 0, 0, 0]"
2025-05-22 10:07:03,Connected,"[0, 0, 0, 0]"
2025-05-22 10:07:03,Connected,"[0, 0, 0, 0]"
2025-05-22 10:07:03,Connected,"[0, 0, 0, 0]"
2025-05-22 10:07:03,Connected,"[0, 0, 0, 0]"
2025-05-22 10:07:03,Connected,"[0, 0, 0, 0]"
2025-05-22 10:07:03,Connected,"[0, 0, 0, 0]"
2025-05-22 10:07:03,Connected,"[0, 0, 0, 0]"
2025-05-22 10:07:03,Connected,"[0, 0, 0, 0]"
2025-05-22 10:07:03,Connected,"[0, 0, 0, 0]"
2025-05-22 10:07:04,Connected,"[0, 0, 0, 0]"
2025-05-22 10:07:04,Connected,"[0, 0, 0, 0]"
2025-05-22 10:07:04,Connected,"[0, 0, 0, 0]"
2025-05-22 10:07:04,Connected,"[0, 0, 0, 0]"
2025-05-22 10:07:04,Connected,"[0, 0, 0, 0]"
2025-05-22 10:07:04,Connected,"[0, 0, 0, 0]"
2025-05-22 10:07:04,Connected,"[0, 0, 0, 0]"
2025-05-22 10:07:04,Connected,"[0, 0, 0, 0]"
2025-05-22 10:07:04,Connected,"[0, 0, 0, 0]"
2025-05-22 10:07:04,Connected,"[0, 0, 0, 0]"
2025-05-22 10:07:04,Connected,"[0, 0, 0, 0]"
2025-05-22 10:07:04,Connected,"[0, 0, 0, 0]"
2025-05-22 10:07:04,Connected,"[0, 0, 0, 0]"
2025-05-22 10:07:04,Connected,"[0, 0, 0, 0]"
2025-05-22 10:07:04,Connected,"[0, 0, 0, 0]"
2025-05-22 10:07:04,Connected,"[0, 0, 0, 0]"
2025-05-22 10:07:04,Connected,"[0, 0, 0, 0]"
2025-05-22 10:07:04,Connected,"[0, 0, 0, 0]"
2025-05-22 10:07:04,Connected,"[0, 0, 0, 0]"
2025-05-22 10:07:04,Connected,"[0, 0, 0, 0]"
2025-05-22 10:07:05,Connected,"[0, 0, 0, 0]"
2025-05-22 10:07:05,Connected,"[0, 0, 0, 0]"
2025-05-22 10:07:05,Connected,"[0, 0, 0, 0]"
2025-05-22 10:07:05,Connected,"[0, 0, 0, 0]"
2025-05-22 10:07:05,Connected,"[0, 0, 0, 0]"
2025-05-22 10:07:05,Connected,"[1, 1, 0, 0]"
2025-05-22 10:07:05,Connected,"[1, 1, 0, 0]"
2025-05-22 10:07:05,Connected,"[1, 1, 0, 0]"
2025-05-22 10:07:05,Connected,"[1, 1, 0, 0]"
2025-05-22 10:07:05,Connected,"[1, 1, 0, 0]"
2025-05-22 10:07:05,Connected,"[1, 1, 0, 0]"
2025-05-22 10:07:05,Connected,"[1, 1, 0, 0]"
2025-05-22 10:07:05,Connected,"[1, 1, 0, 0]"
2025-05-22 10:07:05,Connected,"[1, 1, 0, 0]"
2025-05-22 10:07:05,Connected,"[1, 1, 0, 0]"
2025-05-22 10:07:05,Connected,"[1, 1, 0, 0]"
2025-05-22 10:07:05,Connected,"[1, 1, 0, 0]"
2025-05-22 10:07:05,Connected,"[1, 1, 0, 0]"
2025-05-22 10:07:05,Connected,"[1, 1, 0, 0]"
2025-05-22 10:07:05,Connected,"[1, 1, 0, 0]"
2025-05-22 10:07:06,Connected,"[1, 1, 0, 0]"
2025-05-22 10:07:06,Connected,"[1, 1, 0, 0]"
2025-05-22 10:07:06,Connected,"[1, 1, 0, 0]"
2025-05-22 10:07:06,Connected,"[1, 1, 0, 0]"
2025-05-22 10:07:06,Connected,"[1, 1, 0, 0]"
2025-05-22 10:07:06,Connected,"[1, 1, 0, 0]"
2025-05-22 10:07:06,Connected,"[1, 1, 0, 0]"
2025-05-22 10:07:06,Connected,"[1, 1, 0, 0]"
2025-05-22 10:07:06,Connected,"[1, 1, 0, 0]"
2025-05-22 10:07:06,Connected,"[1, 1, 0, 0]"
2025-05-22 10:07:06,Connected,"[1, 1, 0, 0]"
2025-05-22 10:07:06,Connected,"[1, 1, 0, 0]"
2025-05-22 10:07:06,Connected,"[1, 1, 0, 0]"
2025-05-22 10:07:06,Connected,"[1, 1, 0, 0]"
2025-05-22 10:07:06,Connected,"[1, 1, 0, 0]"
2025-05-22 10:07:06,Connected,"[1, 1, 0, 0]"
2025-05-22 10:07:06,Connected,"[1, 1, 0, 0]"
2025-05-22 10:07:06,Connected,"[1, 1, 0, 0]"
2025-05-22 10:07:06,Connected,"[1, 1, 0, 0]"
2025-05-22 10:07:06,Connected,"[1, 1, 0, 0]"
2025-05-22 10:07:07,Connected,"[1, 1, 0, 0]"
2025-05-22 10:07:07,Connected,"[1, 1, 0, 0]"
2025-05-22 10:07:07,Connected,"[1, 1, 0, 0]"
2025-05-22 10:07:07,Connected,"[1, 1, 0, 0]"
2025-05-22 10:07:07,Connected,"[1, 1, 0, 0]"
2025-05-22 10:07:07,Connected,"[1, 1, 0, 0]"
2025-05-22 10:07:07,Connected,"[1, 1, 0, 0]"
2025-05-22 10:07:07,Connected,"[1, 1, 0, 0]"
2025-05-22 10:07:07,Connected,"[1, 1, 0, 0]"
2025-05-22 10:07:07,Connected,"[1, 1, 0, 0]"
2025-05-22 10:07:07,Connected,"[1, 1, 0, 0]"
2025-05-22 10:07:07,Connected,"[1, 1, 0, 0]"
2025-05-22 10:07:07,Connected,"[1, 1, 0, 0]"
2025-05-22 10:07:07,Connected,"[1, 1, 0, 0]"
2025-05-22 10:07:07,Connected,"[1, 1, 0, 0]"
2025-05-22 10:07:07,Connected,"[1, 1, 0, 0]"
2025-05-22 10:07:07,Connected,"[1, 1, 0, 0]"
2025-05-22 10:07:07,Connected,"[1, 1, 0, 0]"
2025-05-22 10:07:07,Connected,"[1, 1, 0, 0]"
2025-05-22 10:07:07,Connected,"[1, 1, 0, 0]"
2025-05-22 10:07:08,Connected,"[1, 1, 0, 0]"
2025-05-22 10:07:08,Connected,"[1, 1, 0, 0]"
2025-05-22 10:07:08,Connected,"[1, 1, 0, 0]"
2025-05-22 10:07:08,Connected,"[1, 1, 0, 0]"
2025-05-22 10:07:08,Connected,"[1, 1, 0, 0]"
2025-05-22 10:07:08,Connected,"[1, 1, 0, 0]"
2025-05-22 10:07:08,Connected,"[1, 1, 0, 0]"
2025-05-22 10:07:08,Connected,"[1, 1, 0, 0]"
2025-05-22 10:07:08,Connected,"[1, 1, 0, 0]"
2025-05-22 10:07:08,Connected,"[1, 1, 0, 0]"
2025-05-22 10:07:08,Connected,"[1, 1, 0, 0]"
2025-05-22 10:07:08,Connected,"[1, 1, 0, 0]"
2025-05-22 10:07:08,Connected,"[1, 1, 0, 0]"
2025-05-22 10:07:08,Connected,"[1, 1, 0, 0]"
2025-05-22 10:07:08,Connected,"[1, 1, 0, 0]"
2025-05-22 10:07:08,Connected,"[1, 1, 0, 0]"
2025-05-22 10:07:08,Connected,"[1, 1, 0, 0]"
2025-05-22 10:07:08,Connected,"[1, 1, 0, 0]"
2025-05-22 10:07:08,Connected,"[1, 1, 0, 0]"
2025-05-22 10:07:08,Connected,"[1, 1, 0, 0]"
2025-05-22 10:07:09,Connected,"[1, 1, 0, 0]"
2025-05-22 10:07:09,Connected,"[1, 1, 0, 0]"
2025-05-22 10:07:09,Connected,"[1, 1, 0, 0]"
2025-05-22 10:07:09,Connected,"[1, 1, 0, 0]"
2025-05-22 10:07:09,Connected,"[1, 1, 0, 0]"
2025-05-22 10:07:09,Connected,"[1, 1, 0, 0]"
2025-05-22 10:07:09,Connected,"[1, 1, 0, 0]"
2025-05-22 10:07:09,Connected,"[1, 1, 0, 0]"
2025-05-22 10:07:09,Connected,"[1, 1, 0, 0]"
2025-05-22 10:07:09,Connected,"[1, 1, 0, 0]"
2025-05-22 10:07:09,Connected,"[1, 1, 0, 0]"
2025-05-22 10:07:09,Connected,"[1, 1, 0, 0]"
2025-05-22 10:07:09,Connected,"[1, 1, 0, 0]"
2025-05-22 10:07:09,Connected,"[1, 1, 0, 0]"
2025-05-22 10:07:09,Connected,"[1, 1, 0, 0]"
2025-05-22 10:07:09,Connected,"[1, 1, 0, 0]"
2025-05-22 10:07:09,Connected,"[1, 1, 0, 0]"
2025-05-22 10:07:09,Connected,"[1, 1, 0, 0]"
2025-05-22 10:07:09,Connected,"[1, 1, 0, 0]"
2025-05-22 10:07:09,Connected,"[1, 1, 0, 0]"
2025-05-22 10:07:10,Connected,"[1, 1, 0, 0]"
2025-05-22 10:07:10,Connected,"[1, 1, 0, 0]"
2025-05-22 10:07:10,Connected,"[1, 1, 0, 0]"
2025-05-22 10:07:10,Connected,"[1, 1, 0, 0]"
2025-05-22 10:07:10,Connected,"[1, 1, 0, 0]"
2025-05-22 10:07:10,Re-Connected,"[0, 0, 0, 0]"
2025-05-22 10:07:10,Re-Connected,"[0, 0, 0, 0]"
2025-05-22 10:07:10,Re-Connected,"[0, 0, 0, 0]"
2025-05-22 10:07:10,Re-Connected,"[0, 0, 0, 0]"
2025-05-22 10:07:10,Re-Connected,"[0, 0, 0, 0]"
2025-05-22 10:07:10,Re-Connected,"[0, 0, 0, 0]"
2025-05-22 10:07:10,Re-Connected,"[0, 0, 0, 0]"
2025-05-22 10:07:10,Re-Connected,"[0, 0, 0, 0]"
2025-05-22 10:07:10,Re-Connected,"[0, 0, 0, 0]"
2025-05-22 10:07:10,Re-Connected,"[0, 0, 0, 0]"
2025-05-22 10:07:10,Re-Connected,"[0, 0, 0, 0]"
2025-05-22 10:07:10,Re-Connected,"[0, 0, 0, 0]"
2025-05-22 10:07:10,Re-Connected,"[0, 0, 0, 0]"
2025-05-22 10:07:10,Re-Connected,"[0, 0, 0, 0]"
2025-05-22 10:07:10,Re-Connected,"[0, 0, 0, 0]"
2025-05-22 10:07:11,Re-Connected,"[0, 0, 0, 0]"
2025-05-22 10:07:11,Re-Connected,"[0, 0, 0, 0]"
2025-05-22 10:07:11,Re-Connected,"[0, 0, 0, 0]"
2025-05-22 10:07:11,Re-Connected,"[0, 0, 0, 0]"
2025-05-22 10:07:11,Re-Connected,"[0, 0, 0, 0]"
2025-05-22 10:07:11,Re-Connected,"[0, 0, 0, 0]"
2025-05-22 10:07:11,Re-Connected,"[0, 0, 0, 0]"
2025-05-22 10:07:11,Re-Connected,"[0, 0, 0, 0]"
2025-05-22 10:07:11,Re-Connected,"[0, 0, 0, 0]"
2025-05-22 10:07:11,Re-Connected,"[0, 0, 0, 0]"
2025-05-22 10:07:11,Re-Connected,"[0, 0, 0, 0]"
2025-05-22 10:07:11,Re-Connected,"[0, 0, 0, 0]"
2025-05-22 10:07:11,Re-Connected,"[0, 0, 0, 0]"
2025-05-22 10:07:11,Re-Connected,"[0, 0, 0, 0]"
2025-05-22 10:07:11,Re-Connected,"[0, 0, 0, 0]"
2025-05-22 10:07:11,Re-Connected,"[0, 0, 0, 0]"
2025-05-22 10:07:11,Re-Connected,"[0, 0, 0, 0]"
2025-05-22 10:07:11,Re-Connected,"[0, 0, 0, 0]"
2025-05-22 10:07:11,Re-Connected,"[0, 0, 0, 0]"
2025-05-22 10:07:11,Re-Connected,"[0, 0, 0, 0]"
2025-05-22 10:07:12,Re-Connected,"[0, 0, 0, 0]"
2025-05-22 10:07:12,Re-Connected,"[0, 0, 0, 0]"
2025-05-22 10:07:12,Re-Connected,"[0, 0, 0, 0]"
2025-05-22 10:07:12,Re-Connected,"[0, 0, 0, 0]"
2025-05-22 10:07:12,Re-Connected,"[0, 0, 0, 0]"
2025-05-22 10:07:12,Re-Connected,"[0, 0, 0, 0]"
2025-05-22 10:07:12,Re-Connected,"[0, 0, 0, 0]"
2025-05-22 10:07:12,Re-Connected,"[0, 0, 0, 0]"
2025-05-22 10:07:12,Re-Connected,"[0, 0, 0, 0]"
2025-05-22 10:07:12,Re-Connected,"[0, 0, 0, 0]"
2025-05-22 10:07:12,Re-Connected,"[0, 0, 0, 0]"
2025-05-22 10:07:12,Re-Connected,"[0, 0, 0, 0]"
2025-05-22 10:07:12,Re-Connected,"[0, 0, 0, 0]"
2025-05-22 10:07:12,Re-Connected,"[0, 0, 0, 0]"
2025-05-22 10:07:12,Re-Connected,"[0, 0, 0, 0]"
2025-05-22 10:07:12,Re-Connected,"[0, 0, 0, 0]"
2025-05-22 10:07:12,Re-Connected,"[0, 0, 0, 0]"
2025-05-22 10:07:12,Re-Connected,"[0, 0, 0, 0]"
2025-05-22 10:07:12,Re-Connected,"[0, 0, 0, 0]"
2025-05-22 10:07:12,Re-Connected,"[0, 0, 0, 0]"
2025-05-22 10:07:13,Re-Connected,"[0, 0, 0, 0]"
2025-05-22 10:07:13,Re-Connected,"[0, 0, 0, 0]"
2025-05-22 10:07:13,Re-Connected,"[0, 0, 0, 0]"
2025-05-22 10:07:13,Re-Connected,"[0, 0, 0, 0]"
2025-05-22 10:07:13,Re-Connected,"[0, 0, 0, 0]"
2025-05-22 10:07:13,Re-Connected,"[0, 0, 0, 0]"
2025-05-22 10:07:13,Re-Connected,"[0, 0, 0, 0]"
2025-05-22 10:07:13,Re-Connected,"[0, 0, 0, 0]"
2025-05-22 10:07:13,Re-Connected,"[0, 0, 0, 0]"
2025-05-22 10:07:13,Re-Connected,"[0, 0, 0, 0]"
2025-05-22 10:07:13,Re-Connected,"[0, 0, 0, 0]"
2025-05-22 10:07:13,Re-Connected,"[0, 0, 0, 0]"
2025-05-22 10:07:13,Re-Connected,"[0, 0, 0, 0]"
2025-05-22 10:07:13,Re-Connected,"[0, 0, 0, 0]"
2025-05-22 10:07:13,Re-Connected,"[0, 0, 0, 0]"
2025-05-22 10:07:13,Re-Connected,"[0, 0, 0, 0]"
2025-05-22 10:07:13,Re-Connected,"[0, 0, 0, 0]"
2025-05-22 10:07:13,Re-Connected,"[0, 0, 0, 0]"
2025-05-22 10:07:13,Re-Connected,"[0, 0, 0, 0]"
2025-05-22 10:07:13,Re-Connected,"[0, 0, 0, 0]"
2025-05-22 10:07:14,Re-Connected,"[0, 0, 0, 0]"
2025-05-22 10:07:14,Re-Connected,"[0, 0, 0, 0]"
2025-05-22 10:07:14,Re-Connected,"[0, 0, 0, 0]"
2025-05-22 10:07:14,Re-Connected,"[0, 0, 0, 0]"
2025-05-22 10:07:14,Re-Connected,"[0, 0, 0, 0]"
2025-05-22 10:07:14,Connected,"[0, 0, 0, 0]"
2025-05-22 10:07:14,Connected,"[0, 0, 0, 0]"
2025-05-22 10:07:14,Connected,"[0, 0, 0, 0]"
2025-05-22 10:07:14,Connected,"[0, 0, 0, 0]"
2025-05-22 10:07:14,Connected,"[0, 0, 0, 0]"
2025-05-22 10:07:14,Connected,"[0, 0, 0, 0]"
2025-05-22 10:07:14,Connected,"[0, 0, 0, 0]"
2025-05-22 10:07:14,Connected,"[0, 0, 0, 0]"
2025-05-22 10:07:14,Connected,"[0, 0, 0, 0]"
2025-05-22 10:07:14,Connected,"[0, 0, 0, 0]"
2025-05-22 10:07:14,Connected,"[0, 0, 0, 0]"
2025-05-22 10:07:14,Connected,"[0, 0, 0, 0]"
2025-05-22 10:07:14,Connected,"[0, 0, 0, 0]"
2025-05-22 10:07:14,Connected,"[0, 0, 0, 0]"
2025-05-22 10:07:14,Connected,"[0, 0, 0, 0]"
2025-05-22 10:07:15,Connected,"[0, 0, 0, 0]"
2025-05-22 10:07:15,Connected,"[0, 0, 0, 0]"
2025-05-22 10:07:15,Connected,"[0, 0, 0, 0]"
2025-05-22 10:07:15,Connected,"[0, 0, 0, 0]"
2025-05-22 10:07:15,Connected,"[0, 0, 0, 0]"
2025-05-22 10:07:15,Connected,"[0, 0, 0, 0]"
2025-05-22 10:07:15,Connected,"[0, 0, 0, 0]"
2025-05-22 10:07:15,Connected,"[0, 0, 0, 0]"
2025-05-22 10:07:15,Connected,"[0, 0, 0, 0]"
2025-05-22 10:07:15,Connected,"[0, 0, 0, 0]"
2025-05-22 10:07:15,Connected,"[0, 0, 0, 0]"
2025-05-22 10:07:15,Connected,"[0, 0, 0, 0]"
2025-05-22 10:07:15,Connected,"[0, 0, 0, 0]"
2025-05-22 10:07:15,Connected,"[0, 0, 0, 0]"
2025-05-22 10:07:15,Connected,"[0, 0, 0, 0]"
2025-05-22 10:07:15,Connected,"[0, 0, 0, 0]"
2025-05-22 10:07:15,Connected,"[0, 0, 0, 0]"
2025-05-22 10:07:15,Connected,"[0, 0, 0, 0]"
2025-05-22 10:07:15,Connected,"[0, 0, 0, 0]"
2025-05-22 10:07:15,Connected,"[0, 0, 0, 0]"
2025-05-22 10:07:16,Connected,"[0, 0, 0, 0]"
2025-05-22 10:07:16,Connected,"[0, 0, 0, 0]"
2025-05-22 10:07:16,Connected,"[0, 0, 0, 0]"
2025-05-22 10:07:16,Connected,"[0, 0, 0, 0]"
2025-05-22 10:07:16,Connected,"[0, 0, 0, 0]"
2025-05-22 10:07:16,Connected,"[0, 0, 0, 0]"
2025-05-22 10:07:16,Connected,"[0, 0, 0, 0]"
2025-05-22 10:07:16,Connected,"[0, 0, 0, 0]"
2025-05-22 10:07:16,Connected,"[0, 0, 0, 0]"
2025-05-22 10:07:16,Connected,"[0, 0, 0, 0]"
2025-05-22 10:07:16,Connected,"[0, 0, 0, 0]"
2025-05-22 10:07:16,Connected,"[0, 0, 0, 0]"
2025-05-22 10:07:16,Connected,"[0, 0, 0, 0]"
2025-05-22 10:07:16,Connected,"[0, 0, 0, 0]"
2025-05-22 10:07:16,Connected,"[0, 0, 0, 0]"
2025-05-22 10:07:16,Connected,"[0, 0, 0, 0]"
2025-05-22 10:07:16,Connected,"[0, 0, 0, 0]"
2025-05-22 10:07:16,Connected,"[0, 0, 0, 0]"
2025-05-22 10:07:16,Connected,"[0, 0, 0, 0]"
2025-05-22 10:07:16,Connected,"[0, 0, 0, 0]"
2025-05-22 10:07:17,Connected,"[0, 0, 0, 0]"
2025-05-22 10:07:17,Connected,"[0, 0, 0, 0]"
2025-05-22 10:07:17,Connected,"[0, 0, 0, 0]"
2025-05-22 10:07:17,Connected,"[0, 0, 0, 0]"
2025-05-22 10:07:17,Connected,"[0, 0, 0, 0]"
2025-05-22 10:07:17,Connected,"[0, 0, 0, 0]"
2025-05-22 10:07:17,Connected,"[0, 0, 0, 0]"
2025-05-22 10:07:17,Connected,"[0, 0, 0, 0]"
2025-05-22 10:07:17,Connected,"[0, 0, 0, 0]"
2025-05-22 10:07:17,Connected,"[0, 0, 0, 0]"
2025-05-22 10:07:17,Connected,"[0, 0, 0, 0]"
2025-05-22 10:07:17,Connected,"[0, 0, 0, 0]"
2025-05-22 10:07:17,Connected,"[0, 0, 0, 0]"
2025-05-22 10:07:17,Connected,"[0, 0, 0, 0]"
2025-05-22 10:07:17,Connected,"[0, 0, 0, 0]"
2025-05-22 10:07:17,Connected,"[0, 0, 0, 0]"
2025-05-22 10:07:17,Connected,"[0, 0, 0, 0]"
2025-05-22 10:07:17,Connected,"[0, 0, 0, 0]"
2025-05-22 10:07:17,Connected,"[0, 0, 0, 0]"
2025-05-22 10:07:17,Connected,"[0, 0, 0, 0]"
2025-05-22 10:07:18,Connected,"[0, 0, 0, 0]"
2025-05-22 10:07:18,Connected,"[0, 0, 0, 0]"
2025-05-22 10:07:18,Connected,"[0, 0, 0, 0]"
2025-05-22 10:07:18,Connected,"[0, 0, 0, 0]"
2025-05-22 10:07:18,Connected,"[0, 0, 0, 0]"
2025-05-22 10:07:18,Connected,"[0, 0, 0, 0]"
2025-05-22 10:07:18,Connected,"[0, 0, 0, 0]"
2025-05-22 10:07:18,Connected,"[0, 0, 0, 0]"
2025-05-22 10:07:18,Connected,"[0, 0, 0, 0]"
2025-05-22 10:07:18,Connected,"[0, 0, 0, 0]"
2025-05-22 10:07:18,Connected,"[0, 0, 0, 0]"
2025-05-22 10:07:18,Connected,"[0, 0, 0, 0]"
2025-05-22 10:07:18,Connected,"[0, 0, 0, 0]"
2025-05-22 10:07:18,Connected,"[0, 0, 0, 0]"
2025-05-22 10:07:18,Connected,"[0, 0, 0, 0]"
2025-05-22 10:07:18,Connected,"[0, 0, 0, 0]"
2025-05-22 10:07:18,Connected,"[0, 0, 0, 0]"
2025-05-22 10:07:18,Connected,"[0, 0, 0, 0]"
2025-05-22 10:07:18,Connected,"[0, 0, 0, 0]"
2025-05-22 10:07:18,Connected,"[0, 0, 0, 0]"
2025-05-22 10:07:19,Connected,"[0, 0, 0, 0]"
2025-05-22 10:07:19,Connected,"[0, 0, 0, 0]"
2025-05-22 10:07:19,Connected,"[0, 0, 0, 0]"
2025-05-22 10:07:19,Connected,"[0, 0, 0, 0]"
2025-05-22 10:07:19,Connected,"[0, 0, 0, 0]"
2025-05-22 10:07:19,Connected,"[0, 0, 0, 0]"
2025-05-22 10:07:19,Connected,"[0, 0, 0, 0]"
2025-05-22 10:07:19,Connected,"[0, 0, 0, 0]"
2025-05-22 10:07:19,Connected,"[0, 0, 0, 0]"
2025-05-22 10:07:19,Connected,"[0, 0, 0, 0]"
2025-05-22 10:07:19,Connected,"[0, 0, 0, 0]"
2025-05-22 10:07:19,Connected,"[0, 0, 0, 0]"
2025-05-22 10:07:19,Connected,"[0, 0, 0, 0]"
2025-05-22 10:07:19,Connected,"[0, 0, 0, 0]"
2025-05-22 10:07:19,Connected,"[0, 0, 0, 0]"
2025-05-22 10:07:19,Connected,"[0, 0, 0, 0]"
2025-05-22 10:07:19,Connected,"[0, 0, 0, 0]"
2025-05-22 10:07:19,Connected,"[0, 0, 0, 0]"
2025-05-22 10:07:19,Connected,"[0, 0, 0, 0]"
2025-05-22 10:07:19,Connected,"[0, 0, 0, 0]"
2025-05-22 10:07:20,Connected,"[0, 0, 0, 0]"
2025-05-22 10:07:20,Connected,"[0, 0, 0, 0]"
2025-05-22 10:07:20,Connected,"[0, 0, 0, 0]"
2025-05-22 10:07:20,Connected,"[0, 0, 0, 0]"
2025-05-22 10:07:20,Connected,"[0, 0, 0, 0]"
2025-05-22 10:07:20,Re-Connected,"[0, 0, 0, 0]"
2025-05-22 10:07:20,Re-Connected,"[0, 0, 0, 0]"
2025-05-22 10:07:20,Disconnected,"[0, 0, 0, 0]"
2025-05-22 10:07:20,Disconnected,"[0, 0, 0, 0]"
2025-05-22 10:07:20,Disconnected,"[0, 0, 0, 0]"
2025-05-22 10:07:20,Disconnected,"[0, 0, 0, 0]"
2025-05-22 10:07:20,Disconnected,"[0, 0, 0, 0]"
2025-05-22 10:07:20,Disconnected,"[0, 0, 0, 0]"
2025-05-22 10:07:20,Disconnected,"[0, 0, 0, 0]"
2025-05-22 10:07:20,Disconnected,"[0, 0, 0, 0]"
2025-05-22 10:07:20,Disconnected,"[0, 0, 0, 0]"
2025-05-22 10:07:20,Disconnected,"[0, 0, 0, 0]"
2025-05-22 10:07:20,Disconnected,"[0, 0, 0, 0]"
2025-05-22 10:07:20,Disconnected,"[0, 0, 0, 0]"
2025-05-22 10:07:20,Disconnected,"[0, 0, 0, 0]"
2025-05-22 10:07:21,Disconnected,"[0, 0, 0, 0]"
2025-05-22 10:07:21,Disconnected,"[0, 0, 0, 0]"
2025-05-22 10:07:21,Disconnected,"[0, 0, 0, 0]"
2025-05-22 10:07:21,Disconnected,"[0, 0, 0, 0]"
2025-05-22 10:07:21,Disconnected,"[0, 0, 0, 0]"
2025-05-22 10:07:21,Disconnected,"[0, 0, 0, 0]"
2025-05-22 10:07:21,Disconnected,"[0, 0, 0, 0]"
2025-05-22 10:07:21,Disconnected,"[0, 0, 0, 0]"
2025-05-22 10:07:21,Disconnected,"[0, 0, 0, 0]"
2025-05-22 10:07:21,Disconnected,"[0, 0, 0, 0]"
